[{
	"title": "Reading Activity-2",
	"activityType": "reading",
	"quizDescription": [
		{
			"text": "<b>Some tips: </b><br><br><b>Resource - 1</b><a href=\"http://www.rochester.edu/it/security/assets/pdf/comp_9_PublicCompSafety.pdf\">http://www.rochester.edu/it/security/assets/pdf/comp_9_PublicCompSafety.pdf</a> "
		},
		{
			"text": "<br><b>Resource - 2</b><a href=\"https://blogs.elon.edu/technology/tips-when-using-shared-computers/\">https://blogs.elon.edu/technology/tips-when-using-shared-computers/</a> "
		},
		{
			"text": "<br><b>Resource - 3</b><a href=\"https://support.google.com/chrome/answer/95464?hl=en\">https://support.google.com/chrome/answer/95464?hl=en</a> "
		}
	]
}]