[{
	"title": "Resources",
	"activityType": "reading",
	"quizDescription": [
		{
			"text": "<b>1. </b><a href=\"https://technet.microsoft.com/en-us/security/cc297183.aspx\">https://technet.microsoft.com/en-us/security/cc297183.aspx</a> "
		},
		{
			"text": "<b>2. </b><a href=\"http://windows.microsoft.com/en-IN/windows/security-utilities\">http://windows.microsoft.com/en-IN/windows/security-utilities</a> "
		},
		{
			"text": "<b>3. </b><a href=\"https://www.microsoft.com/en-us/security/pc-security/malware-removal.aspx\">https://www.microsoft.com/en-us/security/pc-security/malware-removal.aspx</a> "
		},
		{
			"text": "<b>4. </b><a href=\"http://cdac.in/index.aspx?id=dl_free_eps_solutions\">http://cdac.in/index.aspx?id=dl_free_eps_solutions</a> "
		},
		{
			"text": "<b>5. </b><a href=\"http://windows.microsoft.com/en-in/windows-vista/bitlocker-drive-encryption-overview\">http://windows.microsoft.com/en-in/windows-vista/bitlocker-drive-encryption-overview</a> "
		},
		{
			"text": "<b>6. </b><a href=\"http://sectools.org/tag/linux/\">http://sectools.org/tag/linux/</a> "
		},
		{
			"text": "<b>7. </b><a href=\"https://play.google.com/store/apps/details?id=com.google.android.apps.authenticator2\">https://play.google.com/store/apps/details?id=com.google.android.apps.authenticator2</a> "
		},
		{
			"text": "<b>8. </b><a href=\"https://play.google.com/store/apps/details?id=com.lastpass.lpandroid\">https://play.google.com/store/apps/details?id=com.lastpass.lpandroid</a> "
		},
		{
			"text": "<b>9. </b><a href=\"http://www.cert-in.org.in/SecurityofPC/SPC_colored_English/large/cleaning_link.html\">http://www.cert-in.org.in/SecurityofPC/SPC_colored_English/large/cleaning_link.html</a> "
		},
		{
			"text": "<b>10. </b><a href=\"https://identitysafe.norton.com/\">https://identitysafe.norton.com/</a> "
		},
		{
			"text": "<b>11. </b><a href=\"https://www.google.com/recaptcha/intro/index.html\">https://www.google.com/recaptcha/intro/index.html</a> "
		},
		{
			"text": "<b>12. </b><a href=\"https://www.google.co.in/about/appsecurity/tools/\">https://www.google.co.in/about/appsecurity/tools/</a> "
		},
		{
			"text": "<b>13. Kali Linux operating system -</b><a href=\"https://www.kali.org/\">https://www.kali.org/</a> "
		}
	]
}]